insert into member (memberid, membertype, membername, membertele) values (6, 'U6DY1RHSL94GWR6G128M', 'QB48D3 1KEVSETNQ0CVP', 'T19OGJAWI44EJ5YDP29G')
go


insert into member (memberid, membertype, membername, membertele) values (11, 'IQGLFGJXOTYRJNDGTMSD', 'CD736CAAUAMTWEK3A4EP', 'B9ASF0MI1HVK GW9GRQV')
go


insert into member (memberid, membertype, membername, membertele) values (9, 'CP70YT8EHJHM1OIV5NIR', '90YEOHGUXUA1TXLH0KM4', '0RSHQAPJXADU 4 J6ER6')
go


insert into member (memberid, membertype, membername, membertele) values (7, '4 YYWFIB0O0HS6WVO6GA', 'F6JAOPA6JAXJ4WT0X69O', 'K3O7UNNGVSJ0639EQSWY')
go


insert into member (memberid, membertype, membername, membertele) values (0, 'EIFY33U76NOQXWWHRBO9', 'JUA9QVDNBTIB2FLS8 E9', 'KS6QNOJM79G 8RXR9AN ')
go


insert into member (memberid, membertype, membername, membertele) values (2, 'O18 L GMKJ00I3XCWLTN', 'XGBDX2Q264ORFWJLK456', '82 E45 M7M8YV6X5W62V')
go


insert into member (memberid, membertype, membername, membertele) values (8, 'JPUTAEPVORPX6U65553Q', 'PG78XVJ4IJ53KIXH83 V', 'J6MYGUM0BA3WBUDJ4CSN')
go


insert into member (memberid, membertype, membername, membertele) values (16, 'FTLRB3VDY FO0KP LDR4', 'PQQ2Y5R91R0YNF25FFTF', 'ANO28BBNFRIDVG8NI0CY')
go


insert into member (memberid, membertype, membername, membertele) values (18, '3VHV5HYPOA3LB C91Y6I', '9EOATNNHACYM3H3Y9HMB', ' XU 4N6W73HE9WJORLHJ')
go


insert into member (memberid, membertype, membername, membertele) values (12, '06169R42LY2K3G IIFCP', '6XMCBDF8B99A099DC5UF', 'XAUBOPL1OEPF1QB8OLFL')
go


insert into member (memberid, membertype, membername, membertele) values (15, '4QSIM80JRSS749PHKEWT', '9Q0I54X79EWQ9035PKPL', 'EOLIFVLOARBB2VUIUH9P')
go


insert into member (memberid, membertype, membername, membertele) values (3, 'AD4YOW58FELMAHJPYVV2', 'JMBO3F5S3EHR XJI2IW0', 'E1REMBXKCUQ1GXNJB677')
go


insert into member (memberid, membertype, membername, membertele) values (1, 'BBPPNHW85BWWY2XJJB 9', 'M0EEVJ6GM A7EYY KWNV', 'E9REUTW531T6B53CTY4W')
go


insert into member (memberid, membertype, membername, membertele) values (19, 'E6GFP3P99EPQB X879PK', 'QHTU4UHXO4O JC77PMKU', 'QS66XFA PM9XI7R4JLVS')
go


insert into member (memberid, membertype, membername, membertele) values (13, 'WX0V5K1T7FJR6RADOXQ7', 'XNTUT9V6BU0GUW21YMHS', 'U9UVF3W2BKE0S GA7E38')
go


insert into member (memberid, membertype, membername, membertele) values (5, 'GS2JDDD0QJPLYAQFPUVY', '8SXFLDEAR23YS0 FM0N0', 'Q55VRBDPOT7HDM05XFTS')
go


insert into member (memberid, membertype, membername, membertele) values (10, '95JOAY AI31ABJMS47MP', 'IG1UEMVGQO0SC446ADLC', 'QPAKN3Q3EOPKSUTH40MB')
go


insert into member (memberid, membertype, membername, membertele) values (4, 'VDQRL81H3MT2OCJKNM9U', 'Q S M83G6EHCX1C3DQ3M', '38SMNE 9DS15ENC6T0PO')
go


insert into member (memberid, membertype, membername, membertele) values (14, 'O8GYQIV7SVP0W9IAP3GJ', '836PR6E0QFTN9JD52OCN', 'ETV5I0RKBCJ VS50IEFB')
go


insert into member (memberid, membertype, membername, membertele) values (17, '9IQ05LU8LTTORL32RTJR', 'D3T40HFV6I8DYJ8BH4H1', 'J0C7F84C1ONMX 95U1XD')
go


insert into budget (budgetid, memberid, budgetmoney, budgettimepart, budgetszclassify, incometotal, paytotal) values (4, 18, 18, '523-10-22 4:39:24', 2, 8, 6)
go


insert into budget (budgetid, memberid, budgetmoney, budgettimepart, budgetszclassify, incometotal, paytotal) values (10, 2, 10, '1720-9-3 14:38:58', 6, 10, 14)
go


insert into budget (budgetid, memberid, budgetmoney, budgettimepart, budgetszclassify, incometotal, paytotal) values (7, 19, 2, '311-11-8 2:34:55', 18, 15, 15)
go


insert into budget (budgetid, memberid, budgetmoney, budgettimepart, budgetszclassify, incometotal, paytotal) values (12, 1, 13, '728-11-14 7:38:44', 11, 14, 3)
go


insert into budget (budgetid, memberid, budgetmoney, budgettimepart, budgetszclassify, incometotal, paytotal) values (2, 8, 3, '1097-6-27 10:18:49', 15, 18, 11)
go


insert into budget (budgetid, memberid, budgetmoney, budgettimepart, budgetszclassify, incometotal, paytotal) values (11, 0, 4, '1234-1-12 11:14:37', 5, 6, 12)
go


insert into budget (budgetid, memberid, budgetmoney, budgettimepart, budgetszclassify, incometotal, paytotal) values (8, 16, 9, '1649-5-29 13:41:33', 7, 4, 8)
go


insert into budget (budgetid, memberid, budgetmoney, budgettimepart, budgetszclassify, incometotal, paytotal) values (3, 14, 15, '458-1-17 3:32:59', 3, 19, 5)
go


insert into budget (budgetid, memberid, budgetmoney, budgettimepart, budgetszclassify, incometotal, paytotal) values (16, 5, 14, '102-7-12 0:50:5', 13, 0, 10)
go


insert into budget (budgetid, memberid, budgetmoney, budgettimepart, budgetszclassify, incometotal, paytotal) values (0, 10, 12, '858-6-5 8:21:37', 1, 1, 13)
go


insert into budget (budgetid, memberid, budgetmoney, budgettimepart, budgetszclassify, incometotal, paytotal) values (19, 10, 1, '1515-7-14 12:39:24', 12, 7, 4)
go


insert into budget (budgetid, memberid, budgetmoney, budgettimepart, budgetszclassify, incometotal, paytotal) values (17, 10, 17, '1-1-1 0:0:0', 10, 12, 19)
go


insert into budget (budgetid, memberid, budgetmoney, budgettimepart, budgetszclassify, incometotal, paytotal) values (5, 13, 11, '668-7-10 6:28:44', 16, 17, 16)
go


insert into budget (budgetid, memberid, budgetmoney, budgettimepart, budgetszclassify, incometotal, paytotal) values (18, 9, 7, '1370-3-22 11:45:4', 8, 9, 0)
go


insert into budget (budgetid, memberid, budgetmoney, budgettimepart, budgetszclassify, incometotal, paytotal) values (15, 18, 19, '1003-8-4 9:6:25', 0, 2, 17)
go


insert into budget (budgetid, memberid, budgetmoney, budgettimepart, budgetszclassify, incometotal, paytotal) values (1, 14, 8, '573-5-20 5:45:7', 4, 16, 2)
go


insert into budget (budgetid, memberid, budgetmoney, budgettimepart, budgetszclassify, incometotal, paytotal) values (9, 10, 6, '1936-12-2 16:58:51', 9, 11, 7)
go


insert into budget (budgetid, memberid, budgetmoney, budgettimepart, budgetszclassify, incometotal, paytotal) values (14, 15, 0, '1770-12-27 15:31:29', 17, 5, 9)
go


insert into budget (budgetid, memberid, budgetmoney, budgettimepart, budgetszclassify, incometotal, paytotal) values (13, 2, 5, '1887-11-2 16:25:12', 19, 13, 1)
go


insert into budget (budgetid, memberid, budgetmoney, budgettimepart, budgetszclassify, incometotal, paytotal) values (6, 10, 16, '205-6-9 1:27:10', 14, 3, 18)
go


insert into incometype (incometypeid, incometypename) values (9, '8WXP9LGOG4P2OQL2EICO')
go


insert into incometype (incometypeid, incometypename) values (18, 'MQ46U6V1OC0V8EMH2KE1')
go


insert into incometype (incometypeid, incometypename) values (2, 'NOYL7 0KWG UAW6VQGE4')
go


insert into incometype (incometypeid, incometypename) values (12, '31N55VGMWSN8TT4NF744')
go


insert into incometype (incometypeid, incometypename) values (3, 'SK8R2LXY1M1T5LEUG2HG')
go


insert into incometype (incometypeid, incometypename) values (1, '66P5NNX8NVRG5PUDD0UA')
go


insert into incometype (incometypeid, incometypename) values (19, 'KFSBGCL5XU7N6B2H4JNQ')
go


insert into incometype (incometypeid, incometypename) values (10, 'V4U6GU4284GJHQ68H7O3')
go


insert into incometype (incometypeid, incometypename) values (13, 'OAN9UG8YHY5YYP8SE4UN')
go


insert into incometype (incometypeid, incometypename) values (6, 'LH9B4MAJGT2N NGR IR4')
go


insert into incometype (incometypeid, incometypename) values (14, 'AJR5G2WPYUFA3AV68ARO')
go


insert into incometype (incometypeid, incometypename) values (16, 'BE7QIAP46 AGC3BWTBUA')
go


insert into incometype (incometypeid, incometypename) values (8, 'DGPL8FWIP4QHWWM26Q1K')
go


insert into incometype (incometypeid, incometypename) values (15, 'Q4ECRJ98660R8K4K7GYP')
go


insert into incometype (incometypeid, incometypename) values (7, 'UMU6PXRD4OOUUSR2W JM')
go


insert into incometype (incometypeid, incometypename) values (4, 'H2H8C LL2KPY4IBD4N88')
go


insert into incometype (incometypeid, incometypename) values (11, 'UYB1CH1UGPLVH1ASSKMJ')
go


insert into incometype (incometypeid, incometypename) values (17, 'LLVFDMV59 M53K6P EYQ')
go


insert into incometype (incometypeid, incometypename) values (0, 'C0MU0OTIWQYITKF8T45G')
go


insert into incometype (incometypeid, incometypename) values (5, 'EN2UE23OKF9 T6XQ0W6R')
go


insert into paytype (paytypeid, paytypeclassify, paytypename) values (14, 'AXEY SK6E0T2LTI548S8', 'LRR3CCK1K3214SUW5 OY')
go


insert into paytype (paytypeid, paytypeclassify, paytypename) values (10, '6DIE090B0T10R0Y1FFC4', '64SYK 4K0GBC5H3 ENHI')
go


insert into paytype (paytypeid, paytypeclassify, paytypename) values (15, '1Y4BY2MS1192MALWB24U', 'A6BBDPEA6Y65DQ6HIHPR')
go


insert into paytype (paytypeid, paytypeclassify, paytypename) values (12, '94 DVXRW4O672CI1H132', 'LVLPEXIWBTELPMGKLDXF')
go


insert into paytype (paytypeid, paytypeclassify, paytypename) values (7, 'X5S0F20GHH KPOPO66P1', 'YQGVRESOOO9GAJUBO5GG')
go


insert into paytype (paytypeid, paytypeclassify, paytypename) values (8, 'RRL7H9XQXQ1SKMGSOUR8', 'MM6KJQP98GDF42QOTIRQ')
go


insert into paytype (paytypeid, paytypeclassify, paytypename) values (19, '7O9NYVEPMC8ERK5PN TC', 'DX0 G2TY1IWB11THTPLY')
go


insert into paytype (paytypeid, paytypeclassify, paytypename) values (16, 'SUOP0M0I7BXBF 6RFO75', 'VGEK5UL26DD1QYR21RQD')
go


insert into paytype (paytypeid, paytypeclassify, paytypename) values (11, '5UIFUFHVOVNP53AVSWOK', 'MX5O5RONT 8OTJO2S440')
go


insert into paytype (paytypeid, paytypeclassify, paytypename) values (18, '6 MDAXFSRWSAW9G1N8X5', 'AY U7SVWUOS4RJ17832B')
go


insert into paytype (paytypeid, paytypeclassify, paytypename) values (3, '41JISSLH5BB V9CP1U N', '429Q9M Y13YUCXWBHI92')
go


insert into paytype (paytypeid, paytypeclassify, paytypename) values (9, '09MTVE4JHXOL1VUHOGLB', 'BH7T4M1YEYCLKOTW2517')
go


insert into paytype (paytypeid, paytypeclassify, paytypename) values (13, 'SUQU0SHFPS3V4FPIJ2HD', '649BBJKLLECIUG9UNN0D')
go


insert into paytype (paytypeid, paytypeclassify, paytypename) values (6, '6DH4WD1J967XCT2UT7BW', 'J XJBOLF AMRTPPK QEM')
go


insert into paytype (paytypeid, paytypeclassify, paytypename) values (2, 'DS 1DU0VN7YGA14KEL01', 'RW2NGM9KJ7GBBG93R1TT')
go


insert into paytype (paytypeid, paytypeclassify, paytypename) values (5, 'NQCRQS419T6HE EATLF8', 'GUKESKK7W5SCKLX91MJ7')
go


insert into paytype (paytypeid, paytypeclassify, paytypename) values (0, 'BUJ371HQJTBTTK 66D2Y', 'B0C35AT3KY85RAPT9IL6')
go


insert into paytype (paytypeid, paytypeclassify, paytypename) values (17, '4LFBERJ2BGYYTARY26E7', 'E AIU9XK9QGYR08BA21B')
go


insert into paytype (paytypeid, paytypeclassify, paytypename) values (1, 'LFY GR4F3FQHW6FJCJ88', 'RQ4RYQXLMJ1WK7CVPQL5')
go


insert into paytype (paytypeid, paytypeclassify, paytypename) values (4, 'FUN7SWN6TXRM50H531SO', 'JXFVX954P1JELUBIT 5B')
go


insert into detail (detailid, memberid, paytypeid, incometypeid, timepoint, adress, detailszclassify, detailmoney, detailmark) values (19, 17, 2, 18, '1-1-1 0:0:0', 'N5P7H2Q B23RGG2URL5G', 16, 7, 'PPXGE8AM99OIH6E2NE54')
go


insert into detail (detailid, memberid, paytypeid, incometypeid, timepoint, adress, detailszclassify, detailmoney, detailmark) values (18, 15, 13, 16, '912-12-9 8:10:12', 'DFUOP5IK9H6OHJGHCVW9', 18, 1, 'LLG8EU0G3NEWC7Q8G40E')
go


insert into detail (detailid, memberid, paytypeid, incometypeid, timepoint, adress, detailszclassify, detailmoney, detailmark) values (5, 14, 10, 14, '342-5-25 2:18:44', 'PWQA8TBAYHE57K99SY10', 13, 4, 'C8WWJY9P QLLREN6C3WM')
go


insert into detail (detailid, memberid, paytypeid, incometypeid, timepoint, adress, detailszclassify, detailmoney, detailmark) values (2, 8, 12, 1, '771-7-11 6:17:39', 'N39WK9T2S7MEVBS 8LXF', 3, 8, 'KVVV CGRTFEK0Y7TNSC9')
go


insert into detail (detailid, memberid, paytypeid, incometypeid, timepoint, adress, detailszclassify, detailmoney, detailmark) values (11, 7, 18, 3, '1599-10-7 15:43:21', 'J2DHU7IL5GTSQF NKO0K', 19, 11, 'D9C900CJ0D55QUN9IS9S')
go


insert into detail (detailid, memberid, paytypeid, incometypeid, timepoint, adress, detailszclassify, detailmoney, detailmark) values (8, 14, 19, 0, '993-10-27 9:28:47', 'CS18JF5HNGCAIIRGF4G6', 6, 16, 'FN75KUS S 3VRBS4MSVQ')
go


insert into detail (detailid, memberid, paytypeid, incometypeid, timepoint, adress, detailszclassify, detailmoney, detailmark) values (10, 19, 5, 14, '1460-7-28 14:31:31', 'F3OLTO 7VR9GSGT071PD', 11, 19, 'A5OHG6511GTI X70LDBM')
go


insert into detail (detailid, memberid, paytypeid, incometypeid, timepoint, adress, detailszclassify, detailmoney, detailmark) values (16, 8, 6, 15, '1130-8-7 9:56:54', ' 5GFNLE1F8K1Y KXJ7IA', 2, 3, 'PGWIHAYKOOI5F0YGE5S6')
go


insert into detail (detailid, memberid, paytypeid, incometypeid, timepoint, adress, detailszclassify, detailmoney, detailmark) values (9, 3, 17, 14, '647-6-29 5:23:48', 'P6W4785F3MC61LQOLU22', 12, 0, '0BCIY18YX718 U721R9C')
go


insert into detail (detailid, memberid, paytypeid, incometypeid, timepoint, adress, detailszclassify, detailmoney, detailmark) values (4, 12, 14, 12, '253-4-5 1:28:2', 'JORGWXE8UJ8 188W BSJ', 8, 10, '2DK YQ E1O2J2JMTMI4O')
go


insert into detail (detailid, memberid, paytypeid, incometypeid, timepoint, adress, detailszclassify, detailmoney, detailmark) values (12, 9, 7, 11, '1206-4-10 11:1:19', 'A82ATW5COEKASNKA8B6V', 0, 2, 'Q7PTYCICAIRPF3FGL6AX')
go


insert into detail (detailid, memberid, paytypeid, incometypeid, timepoint, adress, detailszclassify, detailmoney, detailmark) values (0, 2, 12, 14, '124-3-31 0:34:33', 'VCFRLXLXP0 SLMS OB85', 10, 13, 'KCGU8HXT0FRTECLSPXB2')
go


insert into detail (detailid, memberid, paytypeid, incometypeid, timepoint, adress, detailszclassify, detailmoney, detailmark) values (13, 18, 11, 15, '437-10-1 3:35:30', '21TDFL0MN9T45EUJ TDD', 4, 18, 'DE 87UIKFHW6YEITRK1B')
go


insert into detail (detailid, memberid, paytypeid, incometypeid, timepoint, adress, detailszclassify, detailmoney, detailmark) values (6, 2, 14, 6, '1256-2-25 12:22:15', 'BSH2O8LH8816O8OU03M4', 9, 5, 'XL1VORJV556UNJ0XM77B')
go


insert into detail (detailid, memberid, paytypeid, incometypeid, timepoint, adress, detailszclassify, detailmoney, detailmark) values (15, 16, 10, 12, '1722-10-28 17:25:55', 'NIF4FQUMH9 71CNOV4GX', 17, 12, 'SSGL1RR 6GBI0FY8IRWA')
go


insert into detail (detailid, memberid, paytypeid, incometypeid, timepoint, adress, detailszclassify, detailmoney, detailmark) values (1, 8, 17, 1, '1671-4-5 16:36:21', 'E74X9228ETIQJF1YPG9Q', 1, 17, 'Y7N8U3H8NG LCI03DXTU')
go


insert into detail (detailid, memberid, paytypeid, incometypeid, timepoint, adress, detailszclassify, detailmoney, detailmark) values (17, 19, 13, 4, '583-11-8 4:12:56', '64UDBFCBE1IBBYMCAB U', 5, 15, '8CE62OW4LG7JQ5DEKN32')
go


insert into detail (detailid, memberid, paytypeid, incometypeid, timepoint, adress, detailszclassify, detailmoney, detailmark) values (7, 19, 3, 12, '847-10-20 7:24:22', 'QOAUD3QKCVF 01GPY0X2', 14, 6, 'JWYX2YHBGX2VK36V3ESE')
go


insert into detail (detailid, memberid, paytypeid, incometypeid, timepoint, adress, detailszclassify, detailmoney, detailmark) values (14, 14, 1, 8, '1396-2-22 13:41:19', '6BTLIB5R0DD0DP39 7NW', 7, 14, '9L9CL9 FJBE2JVI6RUWA')
go


insert into detail (detailid, memberid, paytypeid, incometypeid, timepoint, adress, detailszclassify, detailmoney, detailmark) values (3, 1, 2, 11, '1865-5-14 18:7:6', ' 3DFNVX9G4VN39ESFKM5', 15, 9, '9TG8O659YXK6HE3K77W5')
go


